CE,BL
182405094988422,BUSITJ755094
182405121730028,AMIGL240073132A
182405116736480,GZHITJ755449
182405096330904,XNBLU24000420
182405117548776,GDM24030036
172405117746325,HAM24030096
182405116908019,GZHNVT755021
172405097421175,GSSWOPY12464E
172405097420284,GSSWOPY12464D
172405122137749,DEHAMSEHAM2400885
182405104925932,SHYY24030616
172405117746678,HAM24030106
182405118994176,SRGNVT2403042
182405101710102,NBNAV24006543
182405119240809,MEDUK2796697
172405096519791,GSSWOPY13131A
182405117510108,GDM24020140
182405094834620,BUSITJ755093
